tanggal,stasiun,pm10,pm25,so2,co,o3,no2,max,critical,categori
2021-01-01,DKI4 (Lubang Buaya),41,,37,14,35,4,41,PM10,BAIK
2021-01-01,DKI1 (Bunderan HI),38,53,29,6,31,13,53,PM25,SEDANG
2021-01-02,DKI1 (Bunderan HI),27,46,27,7,47,7,47,O3,BAIK
2021-01-03,DKI1 (Bunderan HI),44,58,25,7,40,13,58,PM25,SEDANG
2021-01-04,DKI1 (Bunderan HI),30,48,24,4,32,7,48,PM25,BAIK
2021-01-05,DKI1 (Bunderan HI),38,53,24,6,31,9,53,PM25,SEDANG
2021-01-06,DKI1 (Bunderan HI),41,58,23,13,46,13,58,PM25,SEDANG
2021-01-07,DKI1 (Bunderan HI),35,47,22,6,39,10,47,PM25,BAIK
2021-01-10,DKI1 (Bunderan HI),23,25,16,11,33,8,33,O3,BAIK
2021-01-11,DKI1 (Bunderan HI),38,54,17,14,27,10,54,PM25,SEDANG
2021-01-12,DKI1 (Bunderan HI),29,50,20,12,26,15,50,PM25,BAIK
2021-01-13,DKI1 (Bunderan HI),34,44,17,13,20,9,44,PM25,BAIK
2021-01-19,DKI1 (Bunderan HI),31,41,13,12,25,12,41,PM25,BAIK
2021-01-20,DKI1 (Bunderan HI),35,34,12,12,22,13,35,PM10,BAIK
2021-01-23,DKI1 (Bunderan HI),72,108,14,43,44,20,108,PM25,TIDAK SEHAT
2021-01-24,DKI1 (Bunderan HI),33,48,12,14,23,10,48,PM25,BAIK
2021-01-27,DKI1 (Bunderan HI),20,20,13,10,19,8,20,PM10,BAIK
2021-01-28,DKI1 (Bunderan HI),27,41,14,18,17,11,41,PM25,BAIK
2021-01-29,DKI1 (Bunderan HI),30,53,16,17,24,11,53,PM25,SEDANG
2021-01-30,DKI1 (Bunderan HI),27,37,13,16,24,12,37,PM25,BAIK
2021-01-04,DKI5 (Kebon Jeruk) Jakarta Barat,27,,14,7,31,4,31,CO,BAIK
2021-01-05,DKI5 (Kebon Jeruk) Jakarta Barat,41,,15,9,28,,41,PM10,BAIK
2021-01-06,DKI5 (Kebon Jeruk) Jakarta Barat,33,,12,19,46,,46,CO,BAIK
2021-01-07,DKI5 (Kebon Jeruk) Jakarta Barat,27,,13,11,36,,36,CO,BAIK
2021-01-08,DKI5 (Kebon Jeruk) Jakarta Barat,36,,18,19,28,,36,PM10,BAIK
2021-01-09,DKI5 (Kebon Jeruk) Jakarta Barat,46,,17,26,27,12,46,PM10,BAIK
2021-01-10,DKI5 (Kebon Jeruk) Jakarta Barat,19,,20,8,34,5,34,CO,BAIK
2021-01-11,DKI5 (Kebon Jeruk) Jakarta Barat,33,,21,10,34,9,34,CO,BAIK
2021-01-12,DKI5 (Kebon Jeruk) Jakarta Barat,25,,22,6,38,6,38,CO,BAIK
2021-01-13,DKI5 (Kebon Jeruk) Jakarta Barat,25,,20,5,27,9,27,CO,BAIK
2021-01-14,DKI5 (Kebon Jeruk) Jakarta Barat,32,,17,8,36,7,36,CO,BAIK
2021-01-15,DKI5 (Kebon Jeruk) Jakarta Barat,52,,15,15,41,7,52,PM10,SEDANG
2021-01-16,DKI5 (Kebon Jeruk) Jakarta Barat,,,18,12,37,8,37,CO,BAIK
2021-01-17,DKI5 (Kebon Jeruk) Jakarta Barat,,,20,15,32,9,32,CO,BAIK
2021-01-18,DKI5 (Kebon Jeruk) Jakarta Barat,,,22,8,31,4,31,CO,BAIK
2021-01-19,DKI5 (Kebon Jeruk) Jakarta Barat,29,,14,6,35,5,35,CO,BAIK
2021-01-20,DKI5 (Kebon Jeruk) Jakarta Barat,30,,15,7,33,,33,CO,BAIK
2021-01-21,DKI5 (Kebon Jeruk) Jakarta Barat,43,,16,15,37,8,43,PM10,BAIK
2021-01-22,DKI5 (Kebon Jeruk) Jakarta Barat,45,,21,13,40,15,45,PM10,BAIK
2021-01-23,DKI5 (Kebon Jeruk) Jakarta Barat,80,,22,44,44,22,80,PM10,SEDANG
2021-01-24,DKI5 (Kebon Jeruk) Jakarta Barat,27,,14,9,29,,29,CO,BAIK
2021-01-25,DKI5 (Kebon Jeruk) Jakarta Barat,55,,19,29,67,13,67,CO,SEDANG
2021-01-26,DKI5 (Kebon Jeruk) Jakarta Barat,57,,21,23,36,16,57,PM10,SEDANG
2021-01-27,DKI5 (Kebon Jeruk) Jakarta Barat,15,,16,5,20,,20,CO,BAIK
2021-01-28,DKI5 (Kebon Jeruk) Jakarta Barat,28,,19,11,28,,28,PM10,BAIK
2021-01-29,DKI5 (Kebon Jeruk) Jakarta Barat,30,,22,10,32,11,32,CO,BAIK
2021-01-30,DKI5 (Kebon Jeruk) Jakarta Barat,24,,17,8,27,10,27,CO,BAIK
2021-01-31,DKI5 (Kebon Jeruk) Jakarta Barat,41,,17,19,29,8,41,PM10,BAIK
2021-02-01,DKI1 (Bunderan HI),59,79,21,26,15,31,79,PM25,SEDANG
2021-02-02,DKI1 (Bunderan HI),30,46,21,14,16,24,46,PM25,BAIK
2021-02-03,DKI1 (Bunderan HI),23,33,19,11,14,19,33,PM25,BAIK
2021-02-04,DKI1 (Bunderan HI),36,53,23,14,12,24,53,PM25,SEDANG
2021-02-05,DKI1 (Bunderan HI),29,36,20,14,12,21,36,PM25,BAIK
2021-02-06,DKI1 (Bunderan HI),27,34,21,8,21,15,34,PM25,BAIK
2021-02-07,DKI1 (Bunderan HI),25,23,19,7,19,12,25,PM10,BAIK
2021-02-08,DKI1 (Bunderan HI),24,26,19,10,18,17,26,PM25,BAIK
2021-02-09,DKI1 (Bunderan HI),33,40,22,12,14,22,40,PM25,BAIK
2021-02-10,DKI1 (Bunderan HI),32,38,21,10,12,16,38,PM25,BAIK
2021-02-11,DKI1 (Bunderan HI),26,37,23,13,9,17,37,PM25,BAIK
2021-02-12,DKI1 (Bunderan HI),41,52,26,16,10,16,52,PM25,SEDANG
2021-02-13,DKI1 (Bunderan HI),25,37,20,9,19,16,37,PM25,BAIK
2021-02-14,DKI1 (Bunderan HI),33,47,18,11,19,19,47,PM25,BAIK
2021-02-15,DKI1 (Bunderan HI),34,47,20,13,17,25,47,PM25,BAIK
2021-02-16,DKI1 (Bunderan HI),26,28,18,11,18,26,28,PM25,BAIK
2021-02-17,DKI1 (Bunderan HI),39,57,23,23,12,33,57,PM25,SEDANG
2021-02-18,DKI1 (Bunderan HI),43,59,29,13,12,29,59,PM25,SEDANG
2021-02-19,DKI1 (Bunderan HI),29,41,19,20,12,23,41,PM25,BAIK
2021-02-20,DKI1 (Bunderan HI),30,38,18,11,18,20,38,PM25,BAIK
2021-02-21,DKI1 (Bunderan HI),31,45,18,10,16,17,45,PM25,BAIK
2021-02-22,DKI1 (Bunderan HI),51,67,20,18,11,23,67,PM25,SEDANG
2021-02-23,DKI1 (Bunderan HI),50,64,22,11,20,23,64,PM25,SEDANG
2021-02-24,DKI1 (Bunderan HI),30,42,22,10,9,16,42,PM25,BAIK
2021-02-25,DKI1 (Bunderan HI),31,48,26,12,14,17,48,PM25,BAIK
2021-02-26,DKI1 (Bunderan HI),29,38,18,13,18,20,38,PM25,BAIK
2021-02-02,DKI2 (Kelapa Gading),30,42,38,4,55,15,55,O3,SEDANG
2021-02-03,DKI2 (Kelapa Gading),24,35,38,4,42,15,42,O3,BAIK
2021-02-04,DKI2 (Kelapa Gading),33,50,39,7,47,15,50,PM25,BAIK
2021-02-05,DKI2 (Kelapa Gading),25,35,39,5,45,13,45,O3,BAIK
2021-02-06,DKI2 (Kelapa Gading),30,38,37,,57,9,57,O3,SEDANG
2021-02-07,DKI2 (Kelapa Gading),28,30,37,,57,5,57,O3,SEDANG
2021-02-08,DKI2 (Kelapa Gading),26,31,37,,54,12,54,O3,SEDANG
2021-02-09,DKI2 (Kelapa Gading),33,50,39,6,47,16,50,PM25,BAIK
2021-02-10,DKI2 (Kelapa Gading),34,46,39,4,49,10,49,O3,BAIK
2021-02-11,DKI2 (Kelapa Gading),33,49,43,6,35,11,49,PM25,BAIK
2021-02-12,DKI2 (Kelapa Gading),43,62,43,14,33,11,62,PM25,SEDANG
2021-02-13,DKI2 (Kelapa Gading),27,47,38,8,40,11,47,PM25,BAIK
2021-02-16,DKI2 (Kelapa Gading),28,41,38,11,42,15,42,O3,BAIK
2021-02-20,DKI2 (Kelapa Gading),31,34,38,8,53,9,53,O3,SEDANG
2021-02-21,DKI2 (Kelapa Gading),36,40,39,9,48,9,48,O3,BAIK
2021-02-22,DKI2 (Kelapa Gading),60,69,42,15,41,19,69,PM25,SEDANG
2021-02-23,DKI2 (Kelapa Gading),48,61,40,9,54,17,61,PM25,SEDANG
2021-02-24,DKI2 (Kelapa Gading),30,39,40,10,33,10,40,SO2,BAIK
2021-02-25,DKI2 (Kelapa Gading),30,45,43,12,45,12,45,PM25,BAIK
2021-02-26,DKI2 (Kelapa Gading),45,54,43,13,,19,54,PM25,SEDANG
2021-02-27,DKI2 (Kelapa Gading),59,71,44,15,50,20,71,PM25,SEDANG
2021-02-28,DKI2 (Kelapa Gading),66,76,40,14,60,18,76,PM25,SEDANG
2021-02-01,DKI3 (Jagakarsa),73,110,28,18,26,18,110,PM25,TIDAK SEHAT
2021-02-02,DKI3 (Jagakarsa),53,70,25,10,27,14,70,PM25,SEDANG
2021-02-07,DKI3 (Jagakarsa),33,50,24,9,30,13,50,PM25,BAIK
2021-02-08,DKI3 (Jagakarsa),26,42,24,9,35,12,42,PM25,BAIK
2021-02-21,DKI3 (Jagakarsa),29,42,24,7,30,9,42,PM25,BAIK
2021-02-22,DKI3 (Jagakarsa),68,103,26,22,30,14,103,PM25,TIDAK SEHAT
2021-02-23,DKI3 (Jagakarsa),66,90,26,12,29,16,90,PM25,SEDANG
2021-02-25,DKI3 (Jagakarsa),27,54,25,6,24,7,54,PM25,SEDANG
2021-02-05,DKI4 (Lubang Buaya),19,41,40,12,20,9,41,PM25,BAIK
2021-02-06,DKI4 (Lubang Buaya),18,48,40,7,28,6,48,PM25,BAIK
2021-02-07,DKI4 (Lubang Buaya),25,55,40,10,22,11,55,PM25,SEDANG
2021-02-08,DKI4 (Lubang Buaya),17,44,39,10,21,9,44,PM25,BAIK
2021-02-09,DKI4 (Lubang Buaya),31,57,40,13,19,9,57,PM25,SEDANG
2021-02-10,DKI4 (Lubang Buaya),30,58,40,13,20,8,58,PM25,SEDANG
2021-02-11,DKI4 (Lubang Buaya),21,50,40,7,16,5,50,PM25,BAIK
2021-02-12,DKI4 (Lubang Buaya),33,65,40,12,19,5,65,PM25,SEDANG
2021-02-13,DKI4 (Lubang Buaya),43,62,40,11,25,9,62,PM25,SEDANG
2021-02-14,DKI4 (Lubang Buaya),34,57,39,11,26,9,57,PM25,SEDANG
2021-02-21,DKI4 (Lubang Buaya),21,50,39,10,23,10,50,PM25,BAIK
2021-02-22,DKI4 (Lubang Buaya),59,95,40,21,25,12,95,PM25,SEDANG
2021-02-23,DKI4 (Lubang Buaya),51,83,40,16,24,11,83,PM25,SEDANG
2021-02-24,DKI4 (Lubang Buaya),42,61,39,9,13,6,61,PM25,SEDANG
2021-02-25,DKI4 (Lubang Buaya),16,45,39,9,19,4,45,PM25,BAIK
2021-02-26,DKI4 (Lubang Buaya),48,75,39,11,23,13,75,PM25,SEDANG
2021-02-27,DKI4 (Lubang Buaya),59,94,40,13,30,12,94,PM25,SEDANG
2021-02-28,DKI4 (Lubang Buaya),68,113,39,18,24,14,113,PM25,TIDAK SEHAT
2021-02-01,DKI5 (Kebon Jeruk) Jakarta Barat,70,126,29,26,15,34,126,PM25,TIDAK SEHAT
2021-02-02,DKI5 (Kebon Jeruk) Jakarta Barat,,55,28,9,14,25,55,PM25,SEDANG
2021-02-03,DKI5 (Kebon Jeruk) Jakarta Barat,23,40,27,5,16,10,40,PM25,BAIK
2021-02-04,DKI5 (Kebon Jeruk) Jakarta Barat,32,59,28,9,14,17,59,PM25,SEDANG
2021-02-05,DKI5 (Kebon Jeruk) Jakarta Barat,,48,28,8,14,35,48,PM25,BAIK
2021-02-06,DKI5 (Kebon Jeruk) Jakarta Barat,,34,21,4,24,6,34,PM25,BAIK
2021-02-07,DKI5 (Kebon Jeruk) Jakarta Barat,,29,22,5,20,7,29,PM25,BAIK
2021-02-08,DKI5 (Kebon Jeruk) Jakarta Barat,,41,23,6,17,11,41,PM25,BAIK
2021-02-09,DKI5 (Kebon Jeruk) Jakarta Barat,,57,31,9,15,21,57,PM25,SEDANG
2021-02-10,DKI5 (Kebon Jeruk) Jakarta Barat,31,52,27,7,13,11,52,PM25,SEDANG
2021-02-11,DKI5 (Kebon Jeruk) Jakarta Barat,23,50,36,6,10,13,50,PM25,BAIK
2021-02-12,DKI5 (Kebon Jeruk) Jakarta Barat,35,65,38,11,11,42,65,PM25,SEDANG
2021-02-16,DKI5 (Kebon Jeruk) Jakarta Barat,24,35,21,7,22,9,35,PM25,BAIK
2021-02-17,DKI5 (Kebon Jeruk) Jakarta Barat,44,71,33,25,14,37,71,PM25,SEDANG
2021-02-24,DKI5 (Kebon Jeruk) Jakarta Barat,24,40,28,4,11,7,40,PM25,BAIK
2021-02-25,DKI5 (Kebon Jeruk) Jakarta Barat,28,52,31,7,13,23,52,PM25,SEDANG
2021-02-26,DKI5 (Kebon Jeruk) Jakarta Barat,24,49,21,7,22,18,49,PM25,BAIK
2021-02-27,DKI5 (Kebon Jeruk) Jakarta Barat,39,64,27,10,25,24,64,PM25,SEDANG
2021-02-28,DKI5 (Kebon Jeruk) Jakarta Barat,50,77,22,9,22,13,77,PM25,SEDANG
2021-03-01,DKI1 (Bunderan HI),37,60,20,12,12,17,60,PM25,SEDANG
2021-03-02,DKI1 (Bunderan HI),38,55,20,15,14,28,55,PM25,SEDANG
2021-03-09,DKI1 (Bunderan HI),36,50,23,15,10,22,50,PM25,BAIK
2021-03-10,DKI1 (Bunderan HI),45,65,20,20,14,27,65,PM25,SEDANG
2021-03-11,DKI1 (Bunderan HI),27,35,19,9,15,21,35,PM25,BAIK
2021-03-18,DKI1 (Bunderan HI),64,102,30,15,25,40,102,PM25,TIDAK SEHAT
2021-03-24,DKI1 (Bunderan HI),32,53,21,10,9,15,53,PM25,SEDANG
2021-03-25,DKI1 (Bunderan HI),25,47,22,9,14,17,47,PM25,BAIK
2021-03-11,DKI2 (Kelapa Gading),38,50,26,9,43,9,50,PM25,BAIK
2021-03-17,DKI2 (Kelapa Gading),78,107,55,20,53,41,107,PM25,TIDAK SEHAT
2021-03-18,DKI2 (Kelapa Gading),78,115,43,14,74,23,115,PM25,TIDAK SEHAT
2021-03-08,DKI3 (Jagakarsa),53,77,28,11,18,10,77,PM25,SEDANG
2021-03-16,DKI3 (Jagakarsa),59,88,40,8,41,18,88,PM25,SEDANG
2021-03-17,DKI3 (Jagakarsa),71,106,32,11,39,19,106,PM25,TIDAK SEHAT
2021-03-18,DKI3 (Jagakarsa),61,99,35,7,42,18,99,PM25,SEDANG
2021-03-19,DKI3 (Jagakarsa),59,87,33,7,39,14,87,PM25,SEDANG
2021-03-20,DKI3 (Jagakarsa),65,106,31,12,45,17,106,PM25,TIDAK SEHAT
2021-03-21,DKI3 (Jagakarsa),81,118,27,15,37,16,118,PM25,TIDAK SEHAT
2021-03-22,DKI3 (Jagakarsa),62,93,26,15,36,10,93,PM25,SEDANG
2021-03-23,DKI3 (Jagakarsa),51,77,26,9,27,8,77,PM25,SEDANG
2021-03-04,DKI4 (Lubang Buaya),62,103,40,19,33,11,103,PM25,TIDAK SEHAT
2021-03-05,DKI4 (Lubang Buaya),51,79,40,14,32,13,79,PM25,SEDANG
2021-03-06,DKI4 (Lubang Buaya),61,95,40,22,32,13,95,PM25,SEDANG
2021-03-07,DKI4 (Lubang Buaya),60,102,41,23,34,14,102,PM25,TIDAK SEHAT
2021-03-16,DKI4 (Lubang Buaya),57,101,46,13,37,18,101,PM25,TIDAK SEHAT
2021-03-17,DKI4 (Lubang Buaya),68,123,43,20,37,14,123,PM25,TIDAK SEHAT
2021-03-18,DKI4 (Lubang Buaya),68,125,45,16,37,22,125,PM25,TIDAK SEHAT
2021-03-19,DKI4 (Lubang Buaya),57,91,42,12,42,15,91,PM25,SEDANG
2021-03-07,DKI5 (Kebon Jeruk) Jakarta Barat,59,103,30,18,22,26,103,PM25,TIDAK SEHAT
2021-03-11,DKI5 (Kebon Jeruk) Jakarta Barat,,41,20,5,22,8,41,PM25,BAIK
2021-03-17,DKI5 (Kebon Jeruk) Jakarta Barat,65,117,31,17,28,32,117,PM25,TIDAK SEHAT
2021-03-18,DKI5 (Kebon Jeruk) Jakarta Barat,62,107,40,11,34,17,107,PM25,TIDAK SEHAT
2021-04-01,DKI1 (Bunderan HI),26,42,22,11,13,19,42,PM25,BAIK
2021-04-02,DKI1 (Bunderan HI),41,54,27,11,17,19,54,PM25,SEDANG
2021-04-03,DKI1 (Bunderan HI),25,42,20,8,18,22,42,PM25,BAIK
2021-04-04,DKI1 (Bunderan HI),57,78,21,23,14,33,78,PM25,SEDANG
2021-04-07,DKI1 (Bunderan HI),30,47,25,11,13,19,47,PM25,BAIK
2021-04-17,DKI1 (Bunderan HI),65,101,24,19,19,41,101,PM25,TIDAK SEHAT
2021-04-30,DKI1 (Bunderan HI),61,84,23,18,20,42,84,PM25,SEDANG
2021-04-01,DKI2 (Kelapa Gading),22,38,28,9,43,10,43,O3,BAIK
2021-04-02,DKI2 (Kelapa Gading),39,57,34,11,42,13,57,PM25,SEDANG
2021-04-03,DKI2 (Kelapa Gading),23,51,33,9,57,10,57,O3,SEDANG
2021-04-07,DKI2 (Kelapa Gading),30,52,33,9,43,8,52,PM25,SEDANG
2021-04-19,DKI2 (Kelapa Gading),,107,52,,41,22,107,PM25,TIDAK SEHAT
2021-04-20,DKI2 (Kelapa Gading),64,94,52,,55,18,94,PM25,SEDANG
2021-04-21,DKI2 (Kelapa Gading),76,101,56,16,50,22,101,PM25,TIDAK SEHAT
2021-04-22,DKI2 (Kelapa Gading),63,92,52,11,60,14,92,PM25,SEDANG
2021-04-23,DKI2 (Kelapa Gading),75,101,51,15,65,20,101,PM25,TIDAK SEHAT
2021-04-24,DKI2 (Kelapa Gading),88,115,61,17,73,25,115,PM25,TIDAK SEHAT
2021-04-25,DKI2 (Kelapa Gading),74,101,55,15,58,20,101,PM25,TIDAK SEHAT
2021-04-26,DKI2 (Kelapa Gading),64,87,52,10,59,14,87,PM25,SEDANG
2021-04-04,DKI3 (Jagakarsa),68,103,29,28,,28,103,PM25,TIDAK SEHAT
2021-04-05,DKI3 (Jagakarsa),61,85,30,11,,17,85,PM25,SEDANG
2021-04-06,DKI3 (Jagakarsa),35,51,32,3,34,5,51,PM25,SEDANG
2021-04-07,DKI3 (Jagakarsa),25,35,27,3,,4,35,PM25,BAIK
2021-04-08,DKI3 (Jagakarsa),31,52,28,5,,7,52,PM25,SEDANG
2021-04-09,DKI3 (Jagakarsa),55,76,26,8,,10,76,PM25,SEDANG
2021-04-10,DKI3 (Jagakarsa),64,101,25,16,,18,101,PM25,TIDAK SEHAT
2021-04-11,DKI3 (Jagakarsa),62,89,25,14,,21,89,PM25,SEDANG
2021-04-12,DKI3 (Jagakarsa),,69,27,15,,16,69,PM25,SEDANG
2021-04-27,DKI3 (Jagakarsa),64,104,13,9,34,16,104,PM25,TIDAK SEHAT
2021-04-28,DKI3 (Jagakarsa),51,80,11,9,32,16,80,PM25,SEDANG
2021-04-29,DKI3 (Jagakarsa),39,23,10,12,26,17,39,PM10,BAIK
2021-04-30,DKI3 (Jagakarsa),54,23,12,10,,18,54,PM10,SEDANG
2021-04-01,DKI4 (Lubang Buaya),22,49,41,7,18,12,49,PM25,BAIK
2021-04-02,DKI4 (Lubang Buaya),37,62,44,11,18,12,62,PM25,SEDANG
2021-04-03,DKI4 (Lubang Buaya),39,67,42,9,22,14,67,PM25,SEDANG
2021-04-04,DKI4 (Lubang Buaya),64,103,43,26,23,20,103,PM25,TIDAK SEHAT
2021-04-05,DKI4 (Lubang Buaya),52,80,43,14,23,16,80,PM25,SEDANG
2021-04-06,DKI4 (Lubang Buaya),30,50,43,6,15,10,50,PM25,BAIK
2021-04-07,DKI4 (Lubang Buaya),22,38,42,5,16,8,42,SO2,BAIK
2021-04-11,DKI4 (Lubang Buaya),66,108,47,18,35,24,108,PM25,TIDAK SEHAT
2021-04-12,DKI4 (Lubang Buaya),57,92,43,18,27,17,92,PM25,SEDANG
2021-04-17,DKI4 (Lubang Buaya),63,109,43,20,27,19,109,PM25,TIDAK SEHAT
2021-04-18,DKI4 (Lubang Buaya),57,82,42,16,,16,82,PM25,SEDANG
2021-04-19,DKI4 (Lubang Buaya),58,94,46,12,,19,94,PM25,SEDANG
2021-04-20,DKI4 (Lubang Buaya),56,90,45,10,34,17,90,PM25,SEDANG
2021-04-21,DKI4 (Lubang Buaya),64,103,43,16,27,17,103,PM25,TIDAK SEHAT
2021-04-22,DKI4 (Lubang Buaya),60,99,45,10,34,17,99,PM25,SEDANG
2021-04-23,DKI4 (Lubang Buaya),67,112,19,13,31,24,112,PM25,TIDAK SEHAT
2021-04-24,DKI4 (Lubang Buaya),65,98,33,13,31,20,98,PM25,SEDANG
2021-04-25,DKI4 (Lubang Buaya),73,116,37,17,20,17,116,PM25,TIDAK SEHAT
2021-04-26,DKI4 (Lubang Buaya),64,117,37,11,22,14,117,PM25,TIDAK SEHAT
2021-04-27,DKI4 (Lubang Buaya),75,138,38,11,27,13,138,PM25,TIDAK SEHAT
2021-04-28,DKI4 (Lubang Buaya),55,94,37,9,28,17,94,PM25,SEDANG
2021-04-29,DKI4 (Lubang Buaya),51,78,37,12,23,19,78,PM25,SEDANG
2021-04-30,DKI4 (Lubang Buaya),57,85,36,,26,17,85,PM25,SEDANG
2021-04-01,DKI5 (Kebon Jeruk) Jakarta Barat,15,34,24,3,16,4,34,PM25,BAIK
2021-04-02,DKI5 (Kebon Jeruk) Jakarta Barat,35,58,38,7,19,16,58,PM25,SEDANG
2021-04-03,DKI5 (Kebon Jeruk) Jakarta Barat,21,47,20,6,22,12,47,PM25,BAIK
2021-04-04,DKI5 (Kebon Jeruk) Jakarta Barat,62,102,20,30,19,37,102,PM25,TIDAK SEHAT
2021-04-05,DKI5 (Kebon Jeruk) Jakarta Barat,47,76,24,12,22,28,76,PM25,SEDANG
2021-04-06,DKI5 (Kebon Jeruk) Jakarta Barat,30,54,31,4,18,6,54,PM25,SEDANG
2021-04-07,DKI5 (Kebon Jeruk) Jakarta Barat,25,42,30,4,17,6,42,PM25,BAIK
2021-04-08,DKI5 (Kebon Jeruk) Jakarta Barat,32,55,51,5,14,12,55,PM25,SEDANG
2021-04-09,DKI5 (Kebon Jeruk) Jakarta Barat,52,77,34,7,18,21,77,PM25,SEDANG
2021-04-17,DKI5 (Kebon Jeruk) Jakarta Barat,67,118,29,16,28,31,118,PM25,TIDAK SEHAT
2021-04-18,DKI5 (Kebon Jeruk) Jakarta Barat,55,93,29,11,32,16,93,PM25,SEDANG
2021-04-19,DKI5 (Kebon Jeruk) Jakarta Barat,62,108,32,13,32,19,108,PM25,TIDAK SEHAT
2021-04-20,DKI5 (Kebon Jeruk) Jakarta Barat,51,88,32,9,28,20,88,PM25,SEDANG
2021-04-21,DKI5 (Kebon Jeruk) Jakarta Barat,62,105,25,15,25,25,105,PM25,TIDAK SEHAT
2021-04-22,DKI5 (Kebon Jeruk) Jakarta Barat,56,96,26,9,39,17,96,PM25,SEDANG
2021-04-23,DKI5 (Kebon Jeruk) Jakarta Barat,66,111,26,12,33,22,111,PM25,TIDAK SEHAT
2021-04-24,DKI5 (Kebon Jeruk) Jakarta Barat,60,99,29,12,37,24,99,PM25,SEDANG
2021-05-13,DKI1 (Bunderan HI),70,110,24,14,24,20,110,PM25,TIDAK SEHAT
2021-05-14,DKI1 (Bunderan HI),52,72,24,8,25,14,72,PM25,SEDANG
2021-05-23,DKI1 (Bunderan HI),60,91,24,21,27,37,91,PM25,SEDANG
2021-05-24,DKI1 (Bunderan HI),74,108,22,20,23,38,108,PM25,TIDAK SEHAT
2021-05-13,DKI2 (Kelapa Gading),81,112,49,13,48,9,112,PM25,TIDAK SEHAT
2021-05-14,DKI2 (Kelapa Gading),56,70,51,9,52,,70,PM25,SEDANG
2021-05-15,DKI2 (Kelapa Gading),54,67,54,10,40,,67,PM25,SEDANG
2021-05-16,DKI2 (Kelapa Gading),52,,50,9,52,,52,PM10,SEDANG
2021-05-24,DKI2 (Kelapa Gading),86,116,74,19,72,30,116,PM25,TIDAK SEHAT
2021-05-25,DKI2 (Kelapa Gading),56,64,52,12,66,19,66,O3,SEDANG
2021-05-01,DKI3 (Jagakarsa),66,102,13,15,,20,102,PM25,TIDAK SEHAT
2021-05-02,DKI3 (Jagakarsa),55,77,13,13,,17,77,PM25,SEDANG
2021-05-03,DKI3 (Jagakarsa),55,83,12,9,25,16,83,PM25,SEDANG
2021-05-04,DKI3 (Jagakarsa),65,108,13,18,,19,108,PM25,TIDAK SEHAT
2021-05-05,DKI3 (Jagakarsa),61,102,23,13,35,20,102,PM25,TIDAK SEHAT
2021-05-06,DKI3 (Jagakarsa),39,66,20,9,60,15,66,PM25,SEDANG
2021-05-07,DKI3 (Jagakarsa),39,69,19,15,151,20,151,O3,TIDAK SEHAT
2021-05-08,DKI3 (Jagakarsa),50,76,20,8,71,15,76,PM25,SEDANG
2021-05-24,DKI3 (Jagakarsa),76,112,45,13,,17,112,PM25,TIDAK SEHAT
2021-05-28,DKI3 (Jagakarsa),62,86,48,8,,16,86,PM25,SEDANG
2021-05-29,DKI3 (Jagakarsa),58,23,45,8,19,16,58,PM10,SEDANG
2021-05-30,DKI3 (Jagakarsa),44,24,45,9,,14,45,SO2,BAIK
2021-05-31,DKI3 (Jagakarsa),57,21,9,20,,37,57,PM10,SEDANG
2021-05-04,DKI4 (Lubang Buaya),74,113,41,15,17,13,113,PM25,TIDAK SEHAT
2021-05-05,DKI4 (Lubang Buaya),73,117,38,20,21,21,117,PM25,TIDAK SEHAT
2021-05-11,DKI4 (Lubang Buaya),65,102,38,8,31,11,102,PM25,TIDAK SEHAT
2021-05-12,DKI4 (Lubang Buaya),67,105,37,9,27,11,105,PM25,TIDAK SEHAT
2021-05-13,DKI4 (Lubang Buaya),75,112,36,13,24,13,112,PM25,TIDAK SEHAT
2021-05-20,DKI4 (Lubang Buaya),60,103,36,9,29,19,103,PM25,TIDAK SEHAT
2021-05-21,DKI4 (Lubang Buaya),55,95,37,9,27,20,95,PM25,SEDANG
2021-05-22,DKI4 (Lubang Buaya),53,85,32,,36,22,85,PM25,SEDANG
2021-05-23,DKI4 (Lubang Buaya),64,107,43,31,30,26,107,PM25,TIDAK SEHAT
2021-05-24,DKI4 (Lubang Buaya),72,118,57,26,33,24,118,PM25,TIDAK SEHAT
2021-05-25,DKI4 (Lubang Buaya),42,68,49,7,37,22,68,PM25,SEDANG
2021-05-26,DKI4 (Lubang Buaya),55,93,38,9,28,20,93,PM25,SEDANG
2021-05-12,DKI5 (Kebon Jeruk) Jakarta Barat,50,83,27,8,36,10,83,PM25,SEDANG
2021-05-13,DKI5 (Kebon Jeruk) Jakarta Barat,65,115,25,14,31,13,115,PM25,TIDAK SEHAT
2021-05-22,DKI5 (Kebon Jeruk) Jakarta Barat,52,90,21,14,30,21,90,PM25,SEDANG
2021-05-23,DKI5 (Kebon Jeruk) Jakarta Barat,63,109,24,23,27,40,109,PM25,TIDAK SEHAT
2021-05-24,DKI5 (Kebon Jeruk) Jakarta Barat,64,108,25,17,30,25,108,PM25,TIDAK SEHAT
2021-05-25,DKI5 (Kebon Jeruk) Jakarta Barat,44,70,24,9,30,22,70,PM25,SEDANG
2021-06-09,DKI1 (Bunderan HI),58,77,24,14,23,34,77,PM25,SEDANG
2021-06-20,DKI1 (Bunderan HI),75,109,33,25,21,44,109,PM25,TIDAK SEHAT
2021-06-21,DKI1 (Bunderan HI),52,64,24,16,18,31,64,PM25,SEDANG
2021-06-22,DKI1 (Bunderan HI),44,58,27,15,16,32,58,PM25,SEDANG
2021-06-08,DKI2 (Kelapa Gading),70,99,53,14,72,23,99,PM25,SEDANG
2021-06-20,DKI2 (Kelapa Gading),81,108,66,18,44,35,108,PM25,TIDAK SEHAT
2021-06-21,DKI2 (Kelapa Gading),62,75,55,14,44,28,75,PM25,SEDANG
2021-06-28,DKI2 (Kelapa Gading),65,93,53,16,61,28,93,PM25,SEDANG
2021-06-29,DKI2 (Kelapa Gading),75,102,52,12,51,18,102,PM25,TIDAK SEHAT
2021-06-30,DKI2 (Kelapa Gading),79,105,57,14,55,28,105,PM25,TIDAK SEHAT
2021-06-01,DKI3 (Jagakarsa),73,105,43,12,,22,105,PM25,TIDAK SEHAT
2021-06-15,DKI3 (Jagakarsa),73,114,52,9,24,21,114,PM25,TIDAK SEHAT
2021-06-16,DKI3 (Jagakarsa),63,89,51,10,21,17,89,PM25,SEDANG
2021-06-20,DKI3 (Jagakarsa),80,111,52,7,24,29,111,PM25,TIDAK SEHAT
2021-06-24,DKI3 (Jagakarsa),69,106,51,9,26,19,106,PM25,TIDAK SEHAT
2021-06-25,DKI3 (Jagakarsa),85,127,51,11,27,22,127,PM25,TIDAK SEHAT
2021-06-26,DKI3 (Jagakarsa),58,80,51,5,25,15,80,PM25,SEDANG
2021-06-27,DKI3 (Jagakarsa),72,110,50,9,29,15,110,PM25,TIDAK SEHAT
2021-06-01,DKI4 (Lubang Buaya),65,105,41,,36,30,105,PM25,TIDAK SEHAT
2021-06-02,DKI4 (Lubang Buaya),63,100,41,,36,21,100,PM25,SEDANG
2021-06-08,DKI4 (Lubang Buaya),62,103,44,,30,29,103,PM25,TIDAK SEHAT
2021-06-09,DKI4 (Lubang Buaya),68,108,43,,27,28,108,PM25,TIDAK SEHAT
2021-06-10,DKI4 (Lubang Buaya),68,108,37,9,32,28,108,PM25,TIDAK SEHAT
2021-06-11,DKI4 (Lubang Buaya),64,99,,9,35,26,99,PM25,SEDANG
2021-06-12,DKI4 (Lubang Buaya),55,93,27,13,30,24,93,PM25,SEDANG
2021-06-13,DKI4 (Lubang Buaya),49,80,36,12,32,23,80,PM25,SEDANG
2021-06-14,DKI4 (Lubang Buaya),63,103,35,13,28,21,103,PM25,TIDAK SEHAT
2021-06-15,DKI4 (Lubang Buaya),67,111,42,13,22,25,111,PM25,TIDAK SEHAT
2021-06-16,DKI4 (Lubang Buaya),62,88,35,20,19,22,88,PM25,SEDANG
2021-06-17,DKI4 (Lubang Buaya),64,102,35,28,20,28,102,PM25,TIDAK SEHAT
2021-06-18,DKI4 (Lubang Buaya),67,102,38,19,18,24,102,PM25,TIDAK SEHAT
2021-06-19,DKI4 (Lubang Buaya),56,102,31,19,15,31,102,PM25,TIDAK SEHAT
2021-06-20,DKI4 (Lubang Buaya),74,140,36,22,20,26,140,PM25,TIDAK SEHAT
2021-06-21,DKI4 (Lubang Buaya),51,90,29,14,19,21,90,PM25,SEDANG
2021-06-22,DKI4 (Lubang Buaya),47,84,33,16,21,22,84,PM25,SEDANG
2021-06-23,DKI4 (Lubang Buaya),58,107,38,14,23,25,107,PM25,TIDAK SEHAT
2021-06-24,DKI4 (Lubang Buaya),66,119,37,15,16,27,119,PM25,TIDAK SEHAT
2021-06-25,DKI4 (Lubang Buaya),82,147,39,18,20,24,147,PM25,TIDAK SEHAT
2021-06-26,DKI4 (Lubang Buaya),67,118,36,10,26,18,118,PM25,TIDAK SEHAT
2021-06-27,DKI4 (Lubang Buaya),72,134,34,18,29,22,134,PM25,TIDAK SEHAT
2021-06-28,DKI4 (Lubang Buaya),60,117,36,18,30,22,117,PM25,TIDAK SEHAT
2021-06-29,DKI4 (Lubang Buaya),65,124,34,13,27,21,124,PM25,TIDAK SEHAT
2021-06-30,DKI4 (Lubang Buaya),65,125,36,14,21,29,125,PM25,TIDAK SEHAT
2021-06-01,DKI5 (Kebon Jeruk) Jakarta Barat,57,98,27,12,26,22,98,PM25,SEDANG
2021-06-10,DKI5 (Kebon Jeruk) Jakarta Barat,61,108,24,18,22,34,108,PM25,TIDAK SEHAT
2021-06-11,DKI5 (Kebon Jeruk) Jakarta Barat,53,87,22,10,29,25,87,PM25,SEDANG
2021-06-18,DKI5 (Kebon Jeruk) Jakarta Barat,62,101,28,23,16,45,101,PM25,TIDAK SEHAT
2021-06-19,DKI5 (Kebon Jeruk) Jakarta Barat,53,83,34,19,11,45,83,PM25,SEDANG
2021-06-20,DKI5 (Kebon Jeruk) Jakarta Barat,74,123,47,26,20,58,123,PM25,TIDAK SEHAT
2021-06-21,DKI5 (Kebon Jeruk) Jakarta Barat,50,68,23,16,12,35,68,PM25,SEDANG
2021-06-22,DKI5 (Kebon Jeruk) Jakarta Barat,35,67,28,13,13,35,67,PM25,SEDANG
2021-06-23,DKI5 (Kebon Jeruk) Jakarta Barat,58,103,26,14,23,28,103,PM25,TIDAK SEHAT
2021-06-24,DKI5 (Kebon Jeruk) Jakarta Barat,64,107,39,19,17,52,107,PM25,TIDAK SEHAT
2021-06-25,DKI5 (Kebon Jeruk) Jakarta Barat,76,129,35,30,14,63,129,PM25,TIDAK SEHAT
2021-06-26,DKI5 (Kebon Jeruk) Jakarta Barat,45,70,39,8,16,22,70,PM25,SEDANG
2021-06-27,DKI5 (Kebon Jeruk) Jakarta Barat,68,120,28,22,17,41,120,PM25,TIDAK SEHAT
2021-06-28,DKI5 (Kebon Jeruk) Jakarta Barat,59,99,25,17,21,30,99,PM25,SEDANG
2021-06-29,DKI5 (Kebon Jeruk) Jakarta Barat,72,128,35,24,21,50,128,PM25,TIDAK SEHAT
2021-06-30,DKI5 (Kebon Jeruk) Jakarta Barat,64,106,28,16,14,33,106,PM25,TIDAK SEHAT
2021-07-04,DKI1 (Bunderan HI),68,102,27,11,27,22,102,PM25,TIDAK SEHAT
2021-07-05,DKI1 (Bunderan HI),71,106,28,12,34,25,106,PM25,TIDAK SEHAT
2021-07-06,DKI1 (Bunderan HI),56,74,26,9,29,29,74,PM25,SEDANG
2021-07-07,DKI1 (Bunderan HI),64,86,34,10,22,27,86,PM25,SEDANG
2021-07-08,DKI1 (Bunderan HI),68,94,32,10,26,26,94,PM25,SEDANG
2021-07-09,DKI1 (Bunderan HI),70,101,33,9,28,25,101,PM25,TIDAK SEHAT
2021-07-10,DKI1 (Bunderan HI),64,83,35,7,24,23,83,PM25,SEDANG
2021-07-24,DKI1 (Bunderan HI),53,79,26,13,21,34,79,PM25,SEDANG
2021-07-25,DKI1 (Bunderan HI),70,108,25,23,28,38,108,PM25,TIDAK SEHAT
2021-07-26,DKI1 (Bunderan HI),65,95,27,14,17,32,95,PM25,SEDANG
2021-07-27,DKI1 (Bunderan HI),61,91,29,10,23,28,91,PM25,SEDANG
2021-07-28,DKI1 (Bunderan HI),68,102,31,13,20,30,102,PM25,TIDAK SEHAT
2021-07-29,DKI1 (Bunderan HI),59,85,28,13,24,32,85,PM25,SEDANG
2021-07-30,DKI1 (Bunderan HI),73,105,29,12,39,35,105,PM25,TIDAK SEHAT
2021-07-31,DKI1 (Bunderan HI),54,72,26,7,27,24,72,PM25,SEDANG
2021-07-01,DKI2 (Kelapa Gading),64,81,53,12,48,28,81,PM25,SEDANG
2021-07-02,DKI2 (Kelapa Gading),68,81,56,14,40,27,81,PM25,SEDANG
2021-07-03,DKI2 (Kelapa Gading),72,100,54,11,44,23,100,PM25,SEDANG
2021-07-04,DKI2 (Kelapa Gading),94,129,51,15,50,23,129,PM25,TIDAK SEHAT
2021-07-05,DKI2 (Kelapa Gading),77,111,56,12,62,20,111,PM25,TIDAK SEHAT
2021-07-06,DKI2 (Kelapa Gading),64,79,51,10,55,17,79,PM25,SEDANG
2021-07-07,DKI2 (Kelapa Gading),84,108,54,11,51,23,108,PM25,TIDAK SEHAT
2021-07-08,DKI2 (Kelapa Gading),83,111,56,11,50,24,111,PM25,TIDAK SEHAT
2021-07-09,DKI2 (Kelapa Gading),92,120,59,11,56,26,120,PM25,TIDAK SEHAT
2021-07-10,DKI2 (Kelapa Gading),78,104,54,10,63,17,104,PM25,TIDAK SEHAT
2021-07-11,DKI2 (Kelapa Gading),,,54,10,54,13,54,SO2,SEDANG
2021-07-12,DKI2 (Kelapa Gading),64,,52,9,44,13,64,PM10,SEDANG
2021-07-13,DKI2 (Kelapa Gading),78,119,54,11,43,23,119,PM25,TIDAK SEHAT
2021-07-14,DKI2 (Kelapa Gading),56,75,51,12,50,23,75,PM25,SEDANG
2021-07-15,DKI2 (Kelapa Gading),79,111,62,11,56,26,111,PM25,TIDAK SEHAT
2021-07-16,DKI2 (Kelapa Gading),85,115,53,11,53,19,115,PM25,TIDAK SEHAT
2021-07-17,DKI2 (Kelapa Gading),74,99,55,10,58,20,99,PM25,SEDANG
2021-07-18,DKI2 (Kelapa Gading),82,114,55,11,58,17,114,PM25,TIDAK SEHAT
2021-07-19,DKI2 (Kelapa Gading),74,100,51,10,77,13,100,PM25,SEDANG
2021-07-20,DKI2 (Kelapa Gading),86,113,51,14,60,19,113,PM25,TIDAK SEHAT
2021-07-21,DKI2 (Kelapa Gading),54,72,52,9,58,13,72,PM25,SEDANG
2021-07-22,DKI2 (Kelapa Gading),60,82,53,11,54,22,82,PM25,SEDANG
2021-07-23,DKI2 (Kelapa Gading),61,,52,9,59,20,61,PM10,SEDANG
2021-07-24,DKI2 (Kelapa Gading),66,95,54,13,51,30,95,PM25,SEDANG
2021-07-25,DKI2 (Kelapa Gading),81,112,55,16,54,28,112,PM25,TIDAK SEHAT
2021-07-26,DKI2 (Kelapa Gading),79,109,54,12,46,22,109,PM25,TIDAK SEHAT
2021-07-27,DKI2 (Kelapa Gading),82,112,56,12,41,27,112,PM25,TIDAK SEHAT
2021-07-28,DKI2 (Kelapa Gading),82,113,53,13,40,28,113,PM25,TIDAK SEHAT
2021-07-29,DKI2 (Kelapa Gading),69,97,52,12,53,24,97,PM25,SEDANG
2021-07-30,DKI2 (Kelapa Gading),90,117,54,12,81,29,117,PM25,TIDAK SEHAT
2021-07-03,DKI3 (Jagakarsa),80,124,45,10,28,17,124,PM25,TIDAK SEHAT
2021-07-04,DKI3 (Jagakarsa),86,132,44,9,28,14,132,PM25,TIDAK SEHAT
2021-07-05,DKI3 (Jagakarsa),67,105,46,7,38,15,105,PM25,TIDAK SEHAT
2021-07-06,DKI3 (Jagakarsa),68,102,44,7,32,16,102,PM25,TIDAK SEHAT
2021-07-07,DKI3 (Jagakarsa),73,109,48,8,31,17,109,PM25,TIDAK SEHAT
2021-07-08,DKI3 (Jagakarsa),71,110,50,6,33,16,110,PM25,TIDAK SEHAT
2021-07-09,DKI3 (Jagakarsa),79,119,51,7,34,17,119,PM25,TIDAK SEHAT
2021-07-10,DKI3 (Jagakarsa),67,97,51,4,31,14,97,PM25,SEDANG
2021-07-11,DKI3 (Jagakarsa),60,80,47,5,21,14,80,PM25,SEDANG
2021-07-12,DKI3 (Jagakarsa),50,,47,4,14,11,50,PM10,BAIK
2021-07-13,DKI3 (Jagakarsa),62,99,50,8,25,18,99,PM25,SEDANG
2021-07-14,DKI3 (Jagakarsa),66,94,45,6,23,15,94,PM25,SEDANG
2021-07-15,DKI3 (Jagakarsa),80,126,49,9,28,23,126,PM25,TIDAK SEHAT
2021-07-16,DKI3 (Jagakarsa),84,123,49,7,29,16,123,PM25,TIDAK SEHAT
2021-07-17,DKI3 (Jagakarsa),70,102,49,5,31,14,102,PM25,TIDAK SEHAT
2021-07-18,DKI3 (Jagakarsa),79,121,49,5,33,16,121,PM25,TIDAK SEHAT
2021-07-19,DKI3 (Jagakarsa),80,122,48,4,33,17,122,PM25,TIDAK SEHAT
2021-07-20,DKI3 (Jagakarsa),77,110,45,5,25,18,110,PM25,TIDAK SEHAT
2021-07-25,DKI3 (Jagakarsa),68,102,47,6,32,17,102,PM25,TIDAK SEHAT
2021-07-26,DKI3 (Jagakarsa),69,103,49,6,28,17,103,PM25,TIDAK SEHAT
2021-07-27,DKI3 (Jagakarsa),64,96,50,11,30,15,96,PM25,SEDANG
2021-07-28,DKI3 (Jagakarsa),76,124,49,18,26,20,124,PM25,TIDAK SEHAT
2021-07-29,DKI3 (Jagakarsa),73,28,47,17,26,18,73,PM10,SEDANG
2021-07-30,DKI3 (Jagakarsa),75,29,51,14,43,21,75,PM10,SEDANG
2021-07-31,DKI3 (Jagakarsa),57,26,9,18,31,29,57,PM10,SEDANG
2021-07-01,DKI4 (Lubang Buaya),62,114,37,13,23,27,114,PM25,TIDAK SEHAT
2021-07-02,DKI4 (Lubang Buaya),59,108,40,10,18,23,108,PM25,TIDAK SEHAT
2021-07-03,DKI4 (Lubang Buaya),72,141,37,13,25,20,141,PM25,TIDAK SEHAT
2021-07-04,DKI4 (Lubang Buaya),84,161,38,14,27,22,161,PM25,TIDAK SEHAT
2021-07-05,DKI4 (Lubang Buaya),83,153,39,13,31,26,153,PM25,TIDAK SEHAT
2021-07-06,DKI4 (Lubang Buaya),58,100,38,9,31,22,100,PM25,SEDANG
2021-07-07,DKI4 (Lubang Buaya),69,130,40,12,26,26,130,PM25,TIDAK SEHAT
2021-07-08,DKI4 (Lubang Buaya),74,145,40,10,29,25,145,PM25,TIDAK SEHAT
2021-07-09,DKI4 (Lubang Buaya),87,156,42,11,30,25,156,PM25,TIDAK SEHAT
2021-07-10,DKI4 (Lubang Buaya),71,132,45,9,29,21,132,PM25,TIDAK SEHAT
2021-07-11,DKI4 (Lubang Buaya),66,119,39,10,21,17,119,PM25,TIDAK SEHAT
2021-07-13,DKI4 (Lubang Buaya),67,119,39,11,20,23,119,PM25,TIDAK SEHAT
2021-07-14,DKI4 (Lubang Buaya),57,116,39,13,20,26,116,PM25,TIDAK SEHAT
2021-07-15,DKI4 (Lubang Buaya),95,174,40,15,22,24,174,PM25,TIDAK SEHAT
2021-07-16,DKI4 (Lubang Buaya),71,138,37,11,24,29,138,PM25,TIDAK SEHAT
2021-07-17,DKI4 (Lubang Buaya),73,134,35,9,26,19,134,PM25,TIDAK SEHAT
2021-07-18,DKI4 (Lubang Buaya),75,150,37,12,32,22,150,PM25,TIDAK SEHAT
2021-07-19,DKI4 (Lubang Buaya),74,140,36,11,32,21,140,PM25,TIDAK SEHAT
2021-07-20,DKI4 (Lubang Buaya),80,147,38,13,26,21,147,PM25,TIDAK SEHAT
2021-07-21,DKI4 (Lubang Buaya),55,102,36,9,30,18,102,PM25,TIDAK SEHAT
2021-07-22,DKI4 (Lubang Buaya),57,110,39,9,28,26,110,PM25,TIDAK SEHAT
2021-07-23,DKI4 (Lubang Buaya),56,104,36,10,35,25,104,PM25,TIDAK SEHAT
2021-07-24,DKI4 (Lubang Buaya),56,104,37,12,27,25,104,PM25,TIDAK SEHAT
2021-07-25,DKI4 (Lubang Buaya),81,148,38,22,28,24,148,PM25,TIDAK SEHAT
2021-07-26,DKI4 (Lubang Buaya),68,131,39,14,24,25,131,PM25,TIDAK SEHAT
2021-07-27,DKI4 (Lubang Buaya),71,140,40,12,24,26,140,PM25,TIDAK SEHAT
2021-07-28,DKI4 (Lubang Buaya),73,145,39,14,24,27,145,PM25,TIDAK SEHAT
2021-07-29,DKI4 (Lubang Buaya),66,130,40,12,25,25,130,PM25,TIDAK SEHAT
2021-07-30,DKI4 (Lubang Buaya),83,154,39,15,37,34,154,PM25,TIDAK SEHAT
2021-07-31,DKI4 (Lubang Buaya),56,100,38,9,29,22,100,PM25,SEDANG
2021-07-01,DKI5 (Kebon Jeruk) Jakarta Barat,54,88,31,12,17,28,88,PM25,SEDANG
2021-07-02,DKI5 (Kebon Jeruk) Jakarta Barat,56,90,29,23,11,51,90,PM25,SEDANG
2021-07-03,DKI5 (Kebon Jeruk) Jakarta Barat,60,103,31,13,20,27,103,PM25,TIDAK SEHAT
2021-07-04,DKI5 (Kebon Jeruk) Jakarta Barat,73,126,32,13,26,25,126,PM25,TIDAK SEHAT
2021-07-05,DKI5 (Kebon Jeruk) Jakarta Barat,66,115,35,11,36,20,115,PM25,TIDAK SEHAT
2021-07-06,DKI5 (Kebon Jeruk) Jakarta Barat,52,80,32,8,32,23,80,PM25,SEDANG
2021-07-07,DKI5 (Kebon Jeruk) Jakarta Barat,60,101,36,10,31,23,101,PM25,TIDAK SEHAT
2021-07-08,DKI5 (Kebon Jeruk) Jakarta Barat,62,108,37,10,30,23,108,PM25,TIDAK SEHAT
2021-07-09,DKI5 (Kebon Jeruk) Jakarta Barat,65,113,40,11,34,22,113,PM25,TIDAK SEHAT
2021-07-10,DKI5 (Kebon Jeruk) Jakarta Barat,55,85,42,6,26,17,85,PM25,SEDANG
2021-07-11,DKI5 (Kebon Jeruk) Jakarta Barat,46,70,40,6,18,13,70,PM25,SEDANG
2021-07-12,DKI5 (Kebon Jeruk) Jakarta Barat,39,58,28,6,14,14,58,PM25,SEDANG
2021-07-13,DKI5 (Kebon Jeruk) Jakarta Barat,59,102,42,11,19,26,102,PM25,TIDAK SEHAT
2021-07-14,DKI5 (Kebon Jeruk) Jakarta Barat,51,82,38,9,20,26,82,PM25,SEDANG
2021-07-15,DKI5 (Kebon Jeruk) Jakarta Barat,75,129,35,14,26,26,129,PM25,TIDAK SEHAT
2021-07-16,DKI5 (Kebon Jeruk) Jakarta Barat,70,114,33,11,30,22,114,PM25,TIDAK SEHAT
2021-07-17,DKI5 (Kebon Jeruk) Jakarta Barat,57,89,32,8,32,19,89,PM25,SEDANG
2021-07-18,DKI5 (Kebon Jeruk) Jakarta Barat,67,115,33,13,34,27,115,PM25,TIDAK SEHAT
2021-07-19,DKI5 (Kebon Jeruk) Jakarta Barat,61,108,28,9,38,20,108,PM25,TIDAK SEHAT
2021-07-20,DKI5 (Kebon Jeruk) Jakarta Barat,70,112,32,14,24,21,112,PM25,TIDAK SEHAT
2021-07-21,DKI5 (Kebon Jeruk) Jakarta Barat,49,80,31,8,18,19,80,PM25,SEDANG
2021-07-22,DKI5 (Kebon Jeruk) Jakarta Barat,51,85,37,9,22,27,85,PM25,SEDANG
2021-07-23,DKI5 (Kebon Jeruk) Jakarta Barat,53,85,30,8,27,25,85,PM25,SEDANG
2021-07-24,DKI5 (Kebon Jeruk) Jakarta Barat,49,83,27,11,23,32,83,PM25,SEDANG
2021-07-25,DKI5 (Kebon Jeruk) Jakarta Barat,77,131,28,24,27,42,131,PM25,TIDAK SEHAT
2021-07-26,DKI5 (Kebon Jeruk) Jakarta Barat,66,116,29,16,24,31,116,PM25,TIDAK SEHAT
2021-07-27,DKI5 (Kebon Jeruk) Jakarta Barat,64,110,32,13,29,35,110,PM25,TIDAK SEHAT
2021-07-28,DKI5 (Kebon Jeruk) Jakarta Barat,70,130,33,17,28,45,130,PM25,TIDAK SEHAT
2021-07-29,DKI5 (Kebon Jeruk) Jakarta Barat,78,140,32,18,29,39,140,PM25,TIDAK SEHAT
2021-07-30,DKI5 (Kebon Jeruk) Jakarta Barat,75,121,37,12,50,21,121,PM25,TIDAK SEHAT
2021-07-31,DKI5 (Kebon Jeruk) Jakarta Barat,53,80,29,6,34,13,80,PM25,SEDANG
2021-08-01,DKI1 (Bunderan HI),51,68,25,8,29,22,68,PM25,SEDANG
2021-08-10,DKI1 (Bunderan HI),32,50,25,7,29,16,50,PM25,BAIK
2021-08-11,DKI1 (Bunderan HI),55,73,25,10,24,25,73,PM25,SEDANG
2021-08-30,DKI1 (Bunderan HI),79,112,27,17,39,41,112,PM25,TIDAK SEHAT
2021-08-10,DKI2 (Kelapa Gading),36,53,48,8,55,9,55,O3,SEDANG
2021-08-19,DKI2 (Kelapa Gading),72,101,55,13,26,36,101,PM25,TIDAK SEHAT
2021-08-20,DKI2 (Kelapa Gading),73,97,55,12,34,30,97,PM25,SEDANG
2021-08-21,DKI2 (Kelapa Gading),60,87,51,10,29,21,87,PM25,SEDANG
2021-08-22,DKI2 (Kelapa Gading),71,100,52,13,25,26,100,PM25,SEDANG
2021-08-23,DKI2 (Kelapa Gading),63,86,52,9,33,13,86,PM25,SEDANG
2021-08-24,DKI2 (Kelapa Gading),69,101,52,9,41,18,101,PM25,TIDAK SEHAT
2021-08-25,DKI2 (Kelapa Gading),69,98,51,11,38,24,98,PM25,SEDANG
2021-08-26,DKI2 (Kelapa Gading),61,84,51,9,26,18,84,PM25,SEDANG
2021-08-27,DKI2 (Kelapa Gading),63,90,52,10,32,21,90,PM25,SEDANG
2021-08-28,DKI2 (Kelapa Gading),76,104,51,10,41,22,104,PM25,TIDAK SEHAT
2021-08-29,DKI2 (Kelapa Gading),68,97,52,10,30,16,97,PM25,SEDANG
2021-08-30,DKI2 (Kelapa Gading),79,110,52,12,38,29,110,PM25,TIDAK SEHAT
2021-08-31,DKI2 (Kelapa Gading),74,96,51,10,48,19,96,PM25,SEDANG
2021-08-13,DKI3 (Jagakarsa),61,91,46,11,29,16,91,PM25,SEDANG
2021-08-14,DKI3 (Jagakarsa),69,102,45,14,29,16,102,PM25,TIDAK SEHAT
2021-08-19,DKI3 (Jagakarsa),68,104,45,14,27,14,104,PM25,TIDAK SEHAT
2021-08-01,DKI4 (Lubang Buaya),51,86,39,8,30,22,86,PM25,SEDANG
2021-08-02,DKI4 (Lubang Buaya),42,81,38,9,27,20,81,PM25,SEDANG
2021-08-03,DKI4 (Lubang Buaya),55,104,38,12,21,25,104,PM25,TIDAK SEHAT
2021-08-04,DKI4 (Lubang Buaya),51,87,41,7,23,20,87,PM25,SEDANG
2021-08-05,DKI4 (Lubang Buaya),53,90,38,8,21,19,90,PM25,SEDANG
2021-08-06,DKI4 (Lubang Buaya),59,105,37,16,13,21,105,PM25,TIDAK SEHAT
2021-08-07,DKI4 (Lubang Buaya),59,101,38,8,19,18,101,PM25,TIDAK SEHAT
2021-08-08,DKI4 (Lubang Buaya),54,92,40,7,21,17,92,PM25,SEDANG
2021-08-09,DKI4 (Lubang Buaya),48,82,40,6,26,16,82,PM25,SEDANG
2021-08-10,DKI4 (Lubang Buaya),35,68,38,6,30,19,68,PM25,SEDANG
2021-08-11,DKI4 (Lubang Buaya),56,102,39,11,27,23,102,PM25,TIDAK SEHAT
2021-08-12,DKI4 (Lubang Buaya),57,104,40,8,21,20,104,PM25,TIDAK SEHAT
2021-08-13,DKI4 (Lubang Buaya),55,101,40,11,19,25,101,PM25,TIDAK SEHAT
2021-08-14,DKI4 (Lubang Buaya),58,98,41,9,21,21,98,PM25,SEDANG
2021-08-15,DKI4 (Lubang Buaya),63,114,39,11,15,21,114,PM25,TIDAK SEHAT
2021-08-16,DKI4 (Lubang Buaya),55,100,41,8,17,21,100,PM25,SEDANG
2021-08-17,DKI4 (Lubang Buaya),59,103,41,8,24,20,103,PM25,TIDAK SEHAT
2021-08-18,DKI4 (Lubang Buaya),58,97,38,9,30,20,97,PM25,SEDANG
2021-08-19,DKI4 (Lubang Buaya),67,119,42,13,28,28,119,PM25,TIDAK SEHAT
2021-08-20,DKI4 (Lubang Buaya),64,106,40,11,28,23,106,PM25,TIDAK SEHAT
2021-08-21,DKI4 (Lubang Buaya),50,85,39,8,25,21,85,PM25,SEDANG
2021-08-22,DKI4 (Lubang Buaya),74,134,43,14,22,29,134,PM25,TIDAK SEHAT
2021-08-23,DKI4 (Lubang Buaya),63,106,40,10,24,20,106,PM25,TIDAK SEHAT
2021-08-24,DKI4 (Lubang Buaya),61,110,42,11,26,24,110,PM25,TIDAK SEHAT
2021-08-25,DKI4 (Lubang Buaya),62,106,42,9,26,28,106,PM25,TIDAK SEHAT
2021-08-26,DKI4 (Lubang Buaya),53,91,40,7,28,19,91,PM25,SEDANG
2021-08-27,DKI4 (Lubang Buaya),58,105,39,10,28,22,105,PM25,TIDAK SEHAT
2021-08-28,DKI4 (Lubang Buaya),65,123,38,10,36,23,123,PM25,TIDAK SEHAT
2021-08-29,DKI4 (Lubang Buaya),66,122,39,12,28,25,122,PM25,TIDAK SEHAT
2021-08-30,DKI4 (Lubang Buaya),76,140,41,16,30,31,140,PM25,TIDAK SEHAT
2021-08-31,DKI4 (Lubang Buaya),61,109,41,10,32,26,109,PM25,TIDAK SEHAT
2021-08-11,DKI5 (Kebon Jeruk) Jakarta Barat,54,92,29,11,25,25,92,PM25,SEDANG
2021-08-12,DKI5 (Kebon Jeruk) Jakarta Barat,54,78,32,7,27,18,78,PM25,SEDANG
2021-08-13,DKI5 (Kebon Jeruk) Jakarta Barat,61,100,33,11,21,32,100,PM25,SEDANG
2021-08-14,DKI5 (Kebon Jeruk) Jakarta Barat,73,116,38,14,26,40,116,PM25,TIDAK SEHAT
2021-08-19,DKI5 (Kebon Jeruk) Jakarta Barat,63,106,38,13,26,33,106,PM25,TIDAK SEHAT
2021-08-28,DKI5 (Kebon Jeruk) Jakarta Barat,63,100,31,8,44,12,100,PM25,SEDANG
2021-08-29,DKI5 (Kebon Jeruk) Jakarta Barat,67,111,32,10,36,13,111,PM25,TIDAK SEHAT
2021-08-30,DKI5 (Kebon Jeruk) Jakarta Barat,83,126,35,16,32,29,126,PM25,TIDAK SEHAT
2021-08-31,DKI5 (Kebon Jeruk) Jakarta Barat,60,92,30,7,32,14,92,PM25,SEDANG
2021-09-14,DKI1 (Bunderan HI),31,42,24,8,20,19,42,PM25,BAIK
2021-09-30,DKI1 (Bunderan HI),63,94,27,13,38,37,94,PM25,SEDANG
2021-09-01,DKI2 (Kelapa Gading),79,102,55,14,30,29,102,PM25,TIDAK SEHAT
2021-09-13,DKI2 (Kelapa Gading),56,71,52,9,27,14,71,PM25,SEDANG
2021-09-14,DKI2 (Kelapa Gading),36,47,50,8,47,15,50,SO2,BAIK
2021-09-26,DKI2 (Kelapa Gading),56,74,,7,54,6,74,PM25,SEDANG
2021-09-27,DKI2 (Kelapa Gading),53,77,,11,47,17,77,PM25,SEDANG
2021-09-28,DKI2 (Kelapa Gading),49,71,,8,49,13,71,PM25,SEDANG
2021-09-29,DKI2 (Kelapa Gading),54,81,57,10,63,16,81,PM25,SEDANG
2021-09-30,DKI2 (Kelapa Gading),71,105,63,12,63,24,105,PM25,TIDAK SEHAT
2021-09-05,DKI3 (Jagakarsa),61,93,46,11,36,14,93,PM25,SEDANG
2021-09-06,DKI3 (Jagakarsa),73,108,48,13,29,15,108,PM25,TIDAK SEHAT
2021-09-07,DKI3 (Jagakarsa),60,84,48,11,26,15,84,PM25,SEDANG
2021-09-08,DKI3 (Jagakarsa),60,82,48,12,29,15,82,PM25,SEDANG
2021-09-09,DKI3 (Jagakarsa),48,61,46,9,31,12,61,PM25,SEDANG
2021-09-10,DKI3 (Jagakarsa),49,71,49,9,36,15,71,PM25,SEDANG
2021-09-11,DKI3 (Jagakarsa),61,89,50,10,43,16,89,PM25,SEDANG
2021-09-12,DKI3 (Jagakarsa),55,78,47,9,30,13,78,PM25,SEDANG
2021-09-13,DKI3 (Jagakarsa),51,65,47,8,26,11,65,PM25,SEDANG
2021-09-14,DKI3 (Jagakarsa),32,51,46,7,21,11,51,PM25,SEDANG
2021-09-15,DKI3 (Jagakarsa),53,81,50,17,24,22,81,PM25,SEDANG
2021-09-28,DKI3 (Jagakarsa),46,,49,10,32,13,49,SO2,BAIK
2021-09-29,DKI3 (Jagakarsa),61,26,49,13,31,22,61,PM10,SEDANG
2021-09-30,DKI3 (Jagakarsa),67,27,49,16,40,19,67,PM10,SEDANG
2021-09-01,DKI4 (Lubang Buaya),68,118,40,16,26,27,118,PM25,TIDAK SEHAT
2021-09-02,DKI4 (Lubang Buaya),65,115,39,12,26,25,115,PM25,TIDAK SEHAT
2021-09-03,DKI4 (Lubang Buaya),62,111,42,10,34,23,111,PM25,TIDAK SEHAT
2021-09-04,DKI4 (Lubang Buaya),57,93,42,9,31,19,93,PM25,SEDANG
2021-09-05,DKI4 (Lubang Buaya),69,120,43,12,27,26,120,PM25,TIDAK SEHAT
2021-09-06,DKI4 (Lubang Buaya),62,109,42,9,29,16,109,PM25,TIDAK SEHAT
2021-09-07,DKI4 (Lubang Buaya),56,86,42,8,21,21,86,PM25,SEDANG
2021-09-08,DKI4 (Lubang Buaya),63,106,40,15,29,25,106,PM25,TIDAK SEHAT
2021-09-09,DKI4 (Lubang Buaya),52,82,41,12,27,24,82,PM25,SEDANG
2021-09-10,DKI4 (Lubang Buaya),45,80,42,8,26,19,80,PM25,SEDANG
2021-09-11,DKI4 (Lubang Buaya),59,109,43,10,33,30,109,PM25,TIDAK SEHAT
2021-09-12,DKI4 (Lubang Buaya),63,111,41,10,24,19,111,PM25,TIDAK SEHAT
2021-09-13,DKI4 (Lubang Buaya),54,88,42,7,18,16,88,PM25,SEDANG
2021-09-14,DKI4 (Lubang Buaya),36,61,41,6,19,15,61,PM25,SEDANG
2021-09-15,DKI4 (Lubang Buaya),60,110,42,19,18,23,110,PM25,TIDAK SEHAT
2021-09-16,DKI4 (Lubang Buaya),53,89,42,7,28,15,89,PM25,SEDANG
2021-09-17,DKI4 (Lubang Buaya),50,85,42,6,29,14,85,PM25,SEDANG
2021-09-18,DKI4 (Lubang Buaya),57,101,43,7,23,15,101,PM25,TIDAK SEHAT
2021-09-21,DKI4 (Lubang Buaya),,99,44,9,32,20,99,PM25,SEDANG
2021-09-22,DKI4 (Lubang Buaya),,119,44,10,22,21,119,PM25,TIDAK SEHAT
2021-09-23,DKI4 (Lubang Buaya),,116,43,9,24,18,116,PM25,TIDAK SEHAT
2021-09-24,DKI4 (Lubang Buaya),,109,46,8,21,18,109,PM25,TIDAK SEHAT
2021-09-25,DKI4 (Lubang Buaya),,102,45,7,26,16,102,PM25,TIDAK SEHAT
2021-09-28,DKI4 (Lubang Buaya),,69,41,6,38,15,69,PM25,SEDANG
2021-09-29,DKI4 (Lubang Buaya),,102,45,13,38,24,102,PM25,TIDAK SEHAT
2021-09-30,DKI4 (Lubang Buaya),,117,45,13,40,27,117,PM25,TIDAK SEHAT
2021-09-01,DKI5 (Kebon Jeruk) Jakarta Barat,64,95,30,12,28,26,95,PM25,SEDANG
2021-09-02,DKI5 (Kebon Jeruk) Jakarta Barat,62,101,28,9,25,18,101,PM25,TIDAK SEHAT
2021-09-03,DKI5 (Kebon Jeruk) Jakarta Barat,56,92,7,6,45,9,92,PM25,SEDANG
2021-09-13,DKI5 (Kebon Jeruk) Jakarta Barat,51,70,,6,20,10,70,PM25,SEDANG
2021-09-14,DKI5 (Kebon Jeruk) Jakarta Barat,26,37,,3,17,8,37,PM25,BAIK
2021-09-15,DKI5 (Kebon Jeruk) Jakarta Barat,53,79,,14,22,26,79,PM25,SEDANG
2021-10-10,DKI2 (Kelapa Gading),60,83,61,9,72,12,83,PM25,SEDANG
2021-10-11,DKI2 (Kelapa Gading),68,100,64,12,66,26,100,PM25,SEDANG
2021-10-12,DKI2 (Kelapa Gading),77,105,76,12,49,31,105,PM25,TIDAK SEHAT
2021-10-13,DKI2 (Kelapa Gading),57,76,63,9,58,18,76,PM25,SEDANG
2021-10-14,DKI2 (Kelapa Gading),73,105,65,12,70,28,105,PM25,TIDAK SEHAT
2021-10-15,DKI2 (Kelapa Gading),82,108,64,13,64,27,108,PM25,TIDAK SEHAT
2021-10-16,DKI2 (Kelapa Gading),64,95,63,13,63,28,95,PM25,SEDANG
2021-10-22,DKI2 (Kelapa Gading),73,115,82,14,46,38,115,PM25,TIDAK SEHAT
2021-10-23,DKI2 (Kelapa Gading),67,95,81,10,53,28,95,PM25,SEDANG
2021-10-31,DKI2 (Kelapa Gading),56,79,63,12,56,28,79,PM25,SEDANG
2021-10-15,DKI3 (Jagakarsa),72,107,52,14,40,19,107,PM25,TIDAK SEHAT
2021-10-16,DKI3 (Jagakarsa),64,92,51,15,35,18,92,PM25,SEDANG
2021-10-22,DKI3 (Jagakarsa),58,82,51,15,,17,82,PM25,SEDANG
2021-10-23,DKI3 (Jagakarsa),59,87,52,13,39,21,87,PM25,SEDANG
2021-10-24,DKI3 (Jagakarsa),68,102,51,17,47,18,102,PM25,TIDAK SEHAT
2021-10-31,DKI3 (Jagakarsa),45,27,,28,39,,45,PM10,BAIK
2021-10-01,DKI4 (Lubang Buaya),,91,45,10,35,33,91,PM25,SEDANG
2021-10-02,DKI4 (Lubang Buaya),,127,46,10,35,19,127,PM25,TIDAK SEHAT
2021-10-03,DKI4 (Lubang Buaya),,96,44,9,32,19,96,PM25,SEDANG
2021-10-04,DKI4 (Lubang Buaya),,110,44,11,33,24,110,PM25,TIDAK SEHAT
2021-10-06,DKI4 (Lubang Buaya),66,103,47,8,37,17,103,PM25,TIDAK SEHAT
2021-10-07,DKI4 (Lubang Buaya),52,77,41,7,27,23,77,PM25,SEDANG
2021-10-11,DKI4 (Lubang Buaya),62,100,43,10,44,26,100,PM25,SEDANG
2021-10-12,DKI4 (Lubang Buaya),70,111,47,9,32,25,111,PM25,TIDAK SEHAT
2021-10-13,DKI4 (Lubang Buaya),,91,44,8,38,19,91,PM25,SEDANG
2021-10-14,DKI4 (Lubang Buaya),,131,44,12,45,32,131,PM25,TIDAK SEHAT
2021-10-15,DKI4 (Lubang Buaya),100,157,41,15,50,26,157,PM25,TIDAK SEHAT
2021-10-16,DKI4 (Lubang Buaya),67,122,40,14,51,23,122,PM25,TIDAK SEHAT
2021-10-17,DKI4 (Lubang Buaya),,126,39,13,53,27,126,PM25,TIDAK SEHAT
2021-10-18,DKI4 (Lubang Buaya),57,88,42,11,32,19,88,PM25,SEDANG
2021-10-19,DKI4 (Lubang Buaya),52,80,41,18,31,23,80,PM25,SEDANG
2021-10-20,DKI4 (Lubang Buaya),,96,45,10,33,17,96,PM25,SEDANG
2021-10-21,DKI4 (Lubang Buaya),,,44,10,48,18,48,O3,BAIK
2021-10-22,DKI4 (Lubang Buaya),71,120,45,13,36,21,120,PM25,TIDAK SEHAT
2021-10-23,DKI4 (Lubang Buaya),65,109,45,10,35,20,109,PM25,TIDAK SEHAT
2021-10-24,DKI4 (Lubang Buaya),68,113,44,15,39,23,113,PM25,TIDAK SEHAT
2021-10-25,DKI4 (Lubang Buaya),62,104,44,11,41,22,104,PM25,TIDAK SEHAT
2021-10-26,DKI4 (Lubang Buaya),75,130,45,16,36,24,130,PM25,TIDAK SEHAT
2021-10-27,DKI4 (Lubang Buaya),59,90,43,10,50,21,90,PM25,SEDANG
2021-10-28,DKI4 (Lubang Buaya),54,78,40,11,56,18,78,PM25,SEDANG
2021-10-29,DKI4 (Lubang Buaya),51,79,41,15,45,15,79,PM25,SEDANG
2021-10-30,DKI4 (Lubang Buaya),62,103,43,15,58,18,103,PM25,TIDAK SEHAT
2021-10-31,DKI4 (Lubang Buaya),,79,,,,,79,PM25,SEDANG
2021-10-01,DKI5 (Kebon Jeruk) Jakarta Barat,55,84,,8,34,12,84,PM25,SEDANG
2021-10-02,DKI5 (Kebon Jeruk) Jakarta Barat,67,102,,10,31,16,102,PM25,TIDAK SEHAT
2021-10-03,DKI5 (Kebon Jeruk) Jakarta Barat,55,82,,8,28,12,82,PM25,SEDANG
2021-10-13,DKI5 (Kebon Jeruk) Jakarta Barat,47,69,,7,30,13,69,PM25,SEDANG
2021-10-14,DKI5 (Kebon Jeruk) Jakarta Barat,58,91,,10,35,14,91,PM25,SEDANG
2021-10-15,DKI5 (Kebon Jeruk) Jakarta Barat,70,107,,11,39,16,107,PM25,TIDAK SEHAT
2021-10-16,DKI5 (Kebon Jeruk) Jakarta Barat,68,112,,14,32,17,112,PM25,TIDAK SEHAT
2021-10-25,DKI5 (Kebon Jeruk) Jakarta Barat,64,101,,13,36,14,101,PM25,TIDAK SEHAT
2021-10-26,DKI5 (Kebon Jeruk) Jakarta Barat,58,92,,16,29,24,92,PM25,SEDANG
2021-11-12,DKI1 (Bunderan HI),32,49,31,10,16,9,49,PM25,BAIK
2021-11-13,DKI1 (Bunderan HI),51,70,36,16,27,12,70,PM25,SEDANG
2021-11-14,DKI1 (Bunderan HI),42,53,29,11,18,7,53,PM25,SEDANG
2021-11-15,DKI1 (Bunderan HI),27,39,30,8,16,7,39,PM25,BAIK
2021-11-16,DKI1 (Bunderan HI),31,47,31,8,11,6,47,PM25,BAIK
2021-11-17,DKI1 (Bunderan HI),55,71,50,13,15,9,71,PM25,SEDANG
2021-11-18,DKI1 (Bunderan HI),55,75,43,18,19,13,75,PM25,SEDANG
2021-11-19,DKI1 (Bunderan HI),28,40,31,7,16,5,40,PM25,BAIK
2021-11-20,DKI1 (Bunderan HI),28,44,33,7,13,6,44,PM25,BAIK
2021-11-21,DKI1 (Bunderan HI),41,54,33,15,16,6,54,PM25,SEDANG
2021-11-22,DKI1 (Bunderan HI),27,33,32,7,14,5,33,PM25,BAIK
2021-11-23,DKI1 (Bunderan HI),20,30,32,7,13,5,32,SO2,BAIK
2021-11-24,DKI1 (Bunderan HI),23,35,30,8,12,6,35,PM25,BAIK
2021-11-25,DKI1 (Bunderan HI),39,57,34,10,11,7,57,PM25,SEDANG
2021-11-26,DKI1 (Bunderan HI),34,56,32,12,9,7,56,PM25,SEDANG
2021-11-27,DKI1 (Bunderan HI),30,37,30,10,8,5,37,PM25,BAIK
2021-11-28,DKI1 (Bunderan HI),19,20,29,5,14,4,29,SO2,BAIK
2021-11-29,DKI1 (Bunderan HI),23,28,30,7,12,5,30,SO2,BAIK
2021-11-30,DKI1 (Bunderan HI),29,50,31,9,18,7,50,PM25,BAIK
2021-11-18,DKI2 (Kelapa Gading),58,81,14,10,56,24,81,PM25,SEDANG
2021-11-19,DKI2 (Kelapa Gading),32,45,5,7,42,12,45,PM25,BAIK
2021-11-20,DKI2 (Kelapa Gading),29,50,7,8,41,16,50,PM25,BAIK
2021-11-21,DKI2 (Kelapa Gading),40,58,7,15,45,18,58,PM25,SEDANG
2021-11-22,DKI2 (Kelapa Gading),25,44,8,7,41,12,44,PM25,BAIK
2021-11-23,DKI2 (Kelapa Gading),25,55,5,7,41,9,55,PM25,SEDANG
2021-11-24,DKI2 (Kelapa Gading),21,45,4,7,37,12,45,PM25,BAIK
2021-11-25,DKI2 (Kelapa Gading),39,58,7,9,40,21,58,PM25,SEDANG
2021-11-26,DKI2 (Kelapa Gading),48,68,11,11,39,31,68,PM25,SEDANG
2021-11-27,DKI2 (Kelapa Gading),34,,7,8,45,15,45,O3,BAIK
2021-11-28,DKI2 (Kelapa Gading),18,,3,7,47,9,47,O3,BAIK
2021-11-29,DKI2 (Kelapa Gading),22,,4,8,42,12,42,O3,BAIK
2021-11-30,DKI2 (Kelapa Gading),30,,5,8,44,17,44,O3,BAIK
2021-11-19,DKI3 (Jagakarsa),20,28,41,3,28,5,41,SO2,BAIK
2021-11-20,DKI3 (Jagakarsa),37,53,43,6,31,8,53,PM25,SEDANG
2021-11-21,DKI3 (Jagakarsa),52,76,41,14,29,13,76,PM25,SEDANG
2021-11-22,DKI3 (Jagakarsa),29,41,42,4,27,6,42,SO2,BAIK
2021-11-23,DKI3 (Jagakarsa),24,30,41,3,29,4,41,SO2,BAIK
2021-11-24,DKI3 (Jagakarsa),35,55,42,5,34,7,55,PM25,SEDANG
2021-11-25,DKI3 (Jagakarsa),63,83,42,12,27,11,83,PM25,SEDANG
2021-11-26,DKI3 (Jagakarsa),51,71,41,17,,10,71,PM25,SEDANG
2021-11-27,DKI3 (Jagakarsa),31,41,41,8,,13,41,PM25,BAIK
2021-11-28,DKI3 (Jagakarsa),16,25,41,4,34,6,41,SO2,BAIK
2021-11-29,DKI3 (Jagakarsa),29,30,42,7,19,8,42,SO2,BAIK
2021-11-30,DKI3 (Jagakarsa),46,31,43,10,35,11,46,PM10,BAIK
2021-11-08,DKI4 (Lubang Buaya),52,70,44,14,26,16,70,PM25,SEDANG
2021-11-09,DKI4 (Lubang Buaya),64,106,43,15,31,19,106,PM25,TIDAK SEHAT
2021-11-18,DKI4 (Lubang Buaya),63,106,41,9,27,18,106,PM25,TIDAK SEHAT
2021-11-19,DKI4 (Lubang Buaya),23,38,36,3,17,8,38,PM25,BAIK
2021-11-20,DKI4 (Lubang Buaya),26,58,38,6,21,13,58,PM25,SEDANG
2021-11-21,DKI4 (Lubang Buaya),44,65,37,19,13,14,65,PM25,SEDANG
2021-11-22,DKI4 (Lubang Buaya),23,45,37,4,14,9,45,PM25,BAIK
2021-11-23,DKI4 (Lubang Buaya),17,37,36,3,15,7,37,PM25,BAIK
2021-11-24,DKI4 (Lubang Buaya),27,59,37,5,26,12,59,PM25,SEDANG
2021-11-25,DKI4 (Lubang Buaya),54,80,38,11,24,18,80,PM25,SEDANG
2021-11-26,DKI4 (Lubang Buaya),58,78,38,14,17,13,78,PM25,SEDANG
2021-11-27,DKI4 (Lubang Buaya),37,56,37,8,13,12,56,PM25,SEDANG
2021-11-28,DKI4 (Lubang Buaya),18,33,37,4,18,10,37,SO2,BAIK
2021-11-29,DKI4 (Lubang Buaya),29,55,37,8,17,11,55,PM25,SEDANG
2021-11-30,DKI4 (Lubang Buaya),39,66,38,8,24,15,66,PM25,SEDANG
2021-11-14,DKI5 (Kebon Jeruk) Jakarta Barat,50,63,,12,19,34,63,PM25,SEDANG
2021-11-15,DKI5 (Kebon Jeruk) Jakarta Barat,19,39,,3,14,10,39,PM25,BAIK
2021-11-16,DKI5 (Kebon Jeruk) Jakarta Barat,26,49,,3,13,10,49,PM25,BAIK
2021-11-17,DKI5 (Kebon Jeruk) Jakarta Barat,52,77,19,10,14,35,77,PM25,SEDANG
2021-11-18,DKI5 (Kebon Jeruk) Jakarta Barat,52,74,24,10,20,35,74,PM25,SEDANG
2021-11-19,DKI5 (Kebon Jeruk) Jakarta Barat,23,34,13,2,15,7,34,PM25,BAIK
2021-11-20,DKI5 (Kebon Jeruk) Jakarta Barat,28,50,17,4,16,17,50,PM25,BAIK
2021-11-21,DKI5 (Kebon Jeruk) Jakarta Barat,46,62,15,17,14,44,62,PM25,SEDANG
2021-11-22,DKI5 (Kebon Jeruk) Jakarta Barat,22,38,15,3,14,10,38,PM25,BAIK
2021-11-23,DKI5 (Kebon Jeruk) Jakarta Barat,15,34,15,2,13,6,34,PM25,BAIK
2021-11-24,DKI5 (Kebon Jeruk) Jakarta Barat,22,43,13,3,13,8,43,PM25,BAIK
2021-11-25,DKI5 (Kebon Jeruk) Jakarta Barat,43,67,19,6,14,16,67,PM25,SEDANG
2021-11-26,DKI5 (Kebon Jeruk) Jakarta Barat,32,59,16,7,15,20,59,PM25,SEDANG
2021-11-27,DKI5 (Kebon Jeruk) Jakarta Barat,22,36,13,7,18,22,36,PM25,BAIK
2021-11-28,DKI5 (Kebon Jeruk) Jakarta Barat,18,26,12,2,16,8,26,PM25,BAIK
2021-11-29,DKI5 (Kebon Jeruk) Jakarta Barat,15,34,13,3,13,9,34,PM25,BAIK
2021-11-30,DKI5 (Kebon Jeruk) Jakarta Barat,23,52,15,4,21,10,52,PM25,SEDANG
2021-12-01,DKI1 (Bunderan HI),49,65,33,13,15,12,65,PM25,SEDANG
2021-12-02,DKI1 (Bunderan HI),28,34,31,7,15,5,34,PM25,BAIK
2021-12-03,DKI1 (Bunderan HI),49,31,9,19,7,49,PM25,BAIK,
2021-12-04,DKI1 (Bunderan HI),39,52,35,13,15,9,52,PM25,SEDANG
2021-12-05,DKI1 (Bunderan HI),41,57,39,15,15,9,57,PM25,SEDANG
2021-12-06,DKI1 (Bunderan HI),60,81,55,23,18,11,81,PM25,SEDANG
2021-12-07,DKI1 (Bunderan HI),30,31,34,12,16,9,34,SO2,BAIK
2021-12-08,DKI1 (Bunderan HI),45,60,33,17,18,10,60,PM25,SEDANG
2021-12-09,DKI1 (Bunderan HI),33,50,36,10,21,11,50,PM25,BAIK
2021-12-10,DKI1 (Bunderan HI),46,59,43,14,19,12,59,PM25,SEDANG
2021-12-11,DKI1 (Bunderan HI),28,43,33,8,24,9,43,PM25,BAIK
2021-12-12,DKI1 (Bunderan HI),44,57,32,17,15,7,57,PM25,SEDANG
2021-12-13,DKI1 (Bunderan HI),31,46,34,10,13,6,46,PM25,BAIK
2021-12-14,DKI1 (Bunderan HI),46,61,46,15,16,10,61,PM25,SEDANG
2021-12-24,DKI1 (Bunderan HI),34,52,53,15,17,11,53,SO2,SEDANG
2021-12-25,DKI1 (Bunderan HI),53,68,56,17,17,9,68,PM25,SEDANG
2021-12-01,DKI2 (Kelapa Gading),53,,8,12,41,30,53,PM10,SEDANG
2021-12-02,DKI2 (Kelapa Gading),32,50,40,7,40,14,50,PM25,BAIK
2021-12-21,DKI2 (Kelapa Gading),55,74,40,15,,33,74,PM25,SEDANG
2021-12-29,DKI2 (Kelapa Gading),28,,32,12,37,29,37,O3,BAIK
2021-12-30,DKI2 (Kelapa Gading),47,64,38,13,38,35,64,PM25,SEDANG
2021-12-31,DKI2 (Kelapa Gading),61,85,33,23,37,44,85,PM25,SEDANG
2021-12-07,DKI3 (Jagakarsa),20,28,44,7,32,10,44,SO2,BAIK
2021-12-14,DKI3 (Jagakarsa),40,,44,7,37,11,44,SO2,BAIK
2021-12-15,DKI3 (Jagakarsa),54,80,43,16,,16,80,PM25,SEDANG
2021-12-16,DKI3 (Jagakarsa),47,68,43,11,,15,68,PM25,SEDANG
2021-12-17,DKI3 (Jagakarsa),39,59,43,13,,16,59,PM25,SEDANG
2021-12-27,DKI3 (Jagakarsa),75,116,35,23,38,21,116,PM25,TIDAK SEHAT
2021-12-07,DKI4 (Lubang Buaya),179,58,39,9,17,15,179,PM10,TIDAK SEHAT
2021-12-15,DKI4 (Lubang Buaya),69,124,40,15,29,23,124,PM25,TIDAK SEHAT
2021-12-16,DKI4 (Lubang Buaya),78,136,41,14,32,18,136,PM25,TIDAK SEHAT
2021-12-17,DKI4 (Lubang Buaya),55,81,39,13,34,17,81,PM25,SEDANG
2021-12-18,DKI4 (Lubang Buaya),,69,42,13,24,17,69,PM25,SEDANG
2021-12-19,DKI4 (Lubang Buaya),64,102,41,21,40,22,102,PM25,TIDAK SEHAT
2021-12-24,DKI4 (Lubang Buaya),34,65,,,,,65,PM25,SEDANG
2021-12-25,DKI4 (Lubang Buaya),56,85,15,23,,,85,PM25,SEDANG
2021-12-26,DKI4 (Lubang Buaya),44,71,13,14,,8,71,PM25,SEDANG
2021-12-27,DKI4 (Lubang Buaya),68,121,17,21,,12,121,PM25,TIDAK SEHAT
2021-12-28,DKI4 (Lubang Buaya),59,89,38,15,,22,89,PM25,SEDANG
2021-12-29,DKI4 (Lubang Buaya),61,98,37,15,,19,98,PM25,SEDANG
2021-12-30,DKI4 (Lubang Buaya),60,102,38,17,,21,102,PM25,TIDAK SEHAT
2021-12-31,DKI4 (Lubang Buaya),58,90,36,21,,22,90,PM25,SEDANG
2021-12-01,DKI5 (Kebon Jeruk) Jakarta Barat,50,71,18,8,19,18,71,PM25,SEDANG
2021-12-02,DKI5 (Kebon Jeruk) Jakarta Barat,22,42,14,2,19,5,42,PM25,BAIK
2021-12-03,DKI5 (Kebon Jeruk) Jakarta Barat,30,54,16,3,18,9,54,PM25,SEDANG
2021-12-04,DKI5 (Kebon Jeruk) Jakarta Barat,34,54,27,5,14,15,54,PM25,SEDANG
2021-12-05,DKI5 (Kebon Jeruk) Jakarta Barat,51,71,30,12,12,29,71,PM25,SEDANG
2021-12-06,DKI5 (Kebon Jeruk) Jakarta Barat,61,85,36,23,18,57,85,PM25,SEDANG
2021-12-07,DKI5 (Kebon Jeruk) Jakarta Barat,25,44,22,5,15,21,44,PM25,BAIK
2021-12-08,DKI5 (Kebon Jeruk) Jakarta Barat,44,66,17,13,23,30,66,PM25,SEDANG
2021-12-09,DKI5 (Kebon Jeruk) Jakarta Barat,30,50,20,5,31,15,50,PM25,BAIK
2021-12-13,DKI5 (Kebon Jeruk) Jakarta Barat,22,45,20,3,16,14,45,PM25,BAIK
2021-12-30,DKI5 (Kebon Jeruk) Jakarta Barat,53,75,25,15,23,44,75,PM25,SEDANG
2021-12-31,DKI5 (Kebon Jeruk) Jakarta Barat,60,87,28,19,30,53,87,PM25,SEDANG
